email,first_name,company
alice.johnson@techcorp.com,Alice,TechCorp
bob.smith@designhub.io,Bob,DesignHub
carol.white@startupx.co,Carol,StartupX
david.lee@cloudbase.net,David,CloudBase
eve.martin@growthly.com,Eve,Growthly
frank.wilson@saasify.io,Frank,SaaSify
grace.hall@nexgen.dev,Grace,NexGen
henry.clark@pivotlabs.com,Henry,PivotLabs
irene.lewis@scalehq.io,Irene,ScaleHQ
jack.walker@launchpad.co,Jack,LaunchPad
karen.young@devbridge.com,Karen,DevBridge
liam.harris@appflow.io,Liam,AppFlow
mia.robinson@codewave.dev,Mia,CodeWave
noah.turner.dev@futureai.com,Noah,FutureAI
olivia.scott@remotely.io,Olivia,Remotely
peter.adams@buildfast.co,Peter,BuildFast
quinn.baker@stackly.dev,Quinn,Stackly
rachel.carter@infrahub.io,Rachel,InfraHub
samuel.evans@cloudpulse.com,Samuel,CloudPulse
tina.green@apextech.io,Tina,ApexTech
uma.hill@brightloop.co,Uma,BrightLoop
victor.king@datavibe.io,Victor,DataVibe
wendy.moore@turbobuild.dev,Wendy,TurboBuild
xavier.price@streamline.io,Xavier,Streamline
yara.ross@openshift.co,Yara,OpenShift
zane.cooper@pinglab.dev,Zane,PingLab
amy.reed@launchkit.io,Amy,LaunchKit
brian.cox@synthwave.co,Brian,SynthWave
claire.ward@codebridge.dev,Claire,CodeBridge
daniel.bell@hypegrowth.io,Daniel,HypeGrowth
emily.james@boltapp.co,Emily,BoltApp
fiona.morgan@cloudnest.io,Fiona,CloudNest
george.hunt@devcycle.dev,George,DevCycle
hannah.gray@technode.io,Hannah,TechNode
ian.foster@growthsuite.co,Ian,GrowthSuite
julia.price@microapp.io,Julia,MicroApp
kevin.long.dev@launchx.co,Kevin,LaunchX
laura.wood@scalepath.io,Laura,ScalePath
michael.ross@streamhub.dev,Michael,StreamHub
natalie.jenkins@fastcode.io,Natalie,FastCode
oscar.brooks@coretask.co,Oscar,CoreTask
paula.kelly@devpulse.io,Paula,DevPulse
robert.murphy@glowtech.dev,Robert,GlowTech
sarah.cook@linkbridge.io,Sarah,LinkBridge
thomas.bailey@prodify.co,Thomas,Prodify
ursula.watson@codepath.dev,Ursula,CodePath
vincent.shaw@appnest.io,Vincent,AppNest
wanda.stone@nexbuild.co,Wanda,NexBuild
xander.knight@launchly.io,Xander,Launchly
yvonne.ford@devhive.dev,Yvonne,DevHive
